{
  "project_info": {
    "project_number": "136820591165",
    "firebase_url": "https://sosialapp-5ee18.firebaseio.com",
    "project_id": "sosialapp-5ee18",
    "storage_bucket": "sosialapp-5ee18.appspot.com"
  },
  "client": [
    {
      "client_info": {
        "mobilesdk_app_id": "1:136820591165:android:8968b7583e461653",
        "android_client_info": {
          "package_name": "com.wixmat.sosialapp"
        }
      },
      "oauth_client": [
        {
          "client_id": "136820591165-fsn39goahlq0vjunb7vfdansi94dabe2.apps.googleusercontent.com",
          "client_type": 1,
          "android_info": {
            "package_name": "com.wixmat.sosialapp",
            "certificate_hash": "b8db4b35614ab27a1e8c6c905b7ca1a8a6b993b4"
          }
        }
      ],
      "api_key": [
        {
          "current_key": "AIzaSyArO1d4tV0HxXJcd5u7y53NHExXk-lf_cc"
        }
      ],
      "services": {
        "appinvite_service": {
          "other_platform_oauth_client": [
            {
              "client_id": "136820591165-qbjutnh3966h6rh2gornlbtcaqavqdmp.apps.googleusercontent.com",
              "client_type": 3
            }
          ]
        }
      }
    }
  ],
  "configuration_version": "1"
}